{"Graph":[{"LeftFrame":32,"LeftIdx":0,"RightFrame":48,"RightIdx":1,"Score":0.1991358995437622},{"LeftFrame":48,"LeftIdx":0,"RightFrame":64,"RightIdx":0,"Score":0.004946231842041016},{"LeftFrame":0,"LeftIdx":0,"RightFrame":16,"RightIdx":0,"Score":0.00022900104522705078}],"Seen":{"0":true,"16":true,"32":true,"48":true,"64":true,"80":true}}